NOMBRE_REGION,CODIGO_CIRCUITO,P03
COMUNA 15,1015000158.0,45.02038700760193
COMUNA 15,1015000159.0,45.86837294332724
COMUNA 15,1015000160.0,46.360546875
COMUNA 15,1015000161.0,46.437697784810126
COMUNA 15,1015000162.0,45.66766467065868
COMUNA 15,1015000163.0,43.79135967849967
COMUNA 15,1015000164.0,50.46545866364666
COMUNA 15,1015000165.0,45.933099180464964
COMUNA 15,1015000166.0,47.47344648234328
COMUNA 15,1015000167.0,47.23258641653639
