NOMBRE_REGION,CODIGO_CIRCUITO,P03
COMUNA 05,1005000058.0,45.19349526554137
COMUNA 05,1005000059.0,47.32869080779944
COMUNA 05,1005000060.0,47.20489510489511
COMUNA 05,1005000061.0,45.232608695652175
COMUNA 05,1005000062.0,47.51531862745098
COMUNA 05,1005000063.0,43.685224839400426
COMUNA 05,1005000064.0,46.27230316514749
COMUNA 05,1005000065.0,44.94942697928714
COMUNA 05,1005000066.0,45.3511361603149
COMUNA 05,1005000067.0,46.52182000286164
