NOMBRE_REGION,CODIGO_CIRCUITO,P03
COMUNA 10,1010000102.0,47.47552262503308
COMUNA 10,1010000103.0,47.68144617321702
COMUNA 10,1010000104.0,47.615260612573884
COMUNA 10,1010000105.0,46.63289153367595
COMUNA 10,1010000106.0,47.04607230225605
COMUNA 10,1010000107.0,45.14878892733564
COMUNA 10,1010000108.0,46.380649819494586
COMUNA 10,1010000109.0,47.234177215189874
COMUNA 10,1010000110.0,47.53470824949698
COMUNA 10,1010000111.0,47.288930581613506
COMUNA 10,1010000112.0,45.21008403361345
