NOMBRE_REGION,CODIGO_CIRCUITO,P03
COMUNA 14,1014000148.0,46.77030644268045
COMUNA 14,1014000149.0,46.06923174818648
COMUNA 14,1014000150.0,48.80291411042945
COMUNA 14,1014000151.0,44.7909604519774
COMUNA 14,1014000152.0,49.28774583963691
COMUNA 14,1014000153.0,46.93478260869565
COMUNA 14,1014000154.0,45.07721587819467
COMUNA 14,1014000155.0,43.892742259750705
COMUNA 14,1014000156.0,46.409269785745515
COMUNA 14,1014000157.0,43.43445839874411
