NOMBRE_REGION,CODIGO_CIRCUITO,P03
COMUNA 02,1002000020.0,48.48308856252781
COMUNA 02,1002000021.0,49.58248612237261
COMUNA 02,1002000024.0,45.919770773638966
COMUNA 02,1002000025.0,46.84062947067239
COMUNA 02,1002000026.0,48.32203823830659
COMUNA 02,1002000028.0,43.553591160220996
COMUNA 02,1002000029.0,42.36244841815681
