NOMBRE_REGION,CODIGO_CIRCUITO,P03
COMUNA 08,1008000087.0,43.16590436590437
COMUNA 08,1008000088.0,46.70868438107583
COMUNA 08,1008000089.0,39.3119750656168
COMUNA 08,1008000090.0,41.1311320754717
