NOMBRE_REGION,CODIGO_CIRCUITO,P03
COMUNA 03,1003000030.0,42.87428916077891
COMUNA 03,1003000031.0,43.648065608842934
COMUNA 03,1003000032.0,43.998339110340844
COMUNA 03,1003000033.0,44.26552179656539
COMUNA 03,1003000034.0,45.07122213047069
COMUNA 03,1003000035.0,45.040650406504064
COMUNA 03,1003000037.0,45.41041666666667
COMUNA 03,1003000038.0,46.078452444922085
COMUNA 03,1003000039.0,46.26439790575916
COMUNA 03,1003000042.0,45.04817788758493
