NOMBRE_REGION,CODIGO_CIRCUITO,P03
COMUNA 06,1006000068.0,46.85705564686546
COMUNA 06,1006000069.0,49.774094536525475
COMUNA 06,1006000070.0,47.101361924079974
COMUNA 06,1006000071.0,45.54588607594937
COMUNA 06,1006000072.0,46.049134997163925
COMUNA 06,1006000073.0,45.834565383634974
COMUNA 06,1006000074.0,46.154003407155024
