NOMBRE_REGION,CODIGO_CIRCUITO,P03
COMUNA 07,1007000076.0,47.36683417085427
COMUNA 07,1007000077.0,47.04795158286778
COMUNA 07,1007000078.0,46.6945155393053
COMUNA 07,1007000079.0,46.947776069252235
COMUNA 07,1007000080.0,47.24665271966527
COMUNA 07,1007000081.0,48.89964054636952
COMUNA 07,1007000082.0,48.29243208738208
COMUNA 07,1007000083.0,50.47116104868914
COMUNA 07,1007000084.0,45.00874635568513
COMUNA 07,1007000085.0,46.63079416531605
COMUNA 07,1007000086.0,36.71440096813231
