NOMBRE_REGION,CODIGO_CIRCUITO,P03
COMUNA 09,1009000091.0,35.735392320534224
COMUNA 09,1009000092.0,44.896537842190014
COMUNA 09,1009000093.0,44.48538572113081
COMUNA 09,1009000094.0,49.15823190262652
COMUNA 09,1009000095.0,46.68098765432099
COMUNA 09,1009000096.0,46.20646258503401
COMUNA 09,1009000097.0,45.23110959836624
COMUNA 09,1009000098.0,47.53563863285052
COMUNA 09,1009000099.0,47.28953905603091
COMUNA 09,1009000100.0,46.981298262548265
COMUNA 09,1009000101.0,47.969440353460975
