NOMBRE_REGION,CODIGO_CIRCUITO,P03
COMUNA 11,1011000114.0,46.75522252497729
COMUNA 11,1011000115.0,45.15263157894737
COMUNA 11,1011000116.0,45.84589766878595
COMUNA 11,1011000117.0,47.91338582677165
COMUNA 11,1011000118.0,47.95636998254799
COMUNA 11,1011000119.0,48.30263859275053
COMUNA 11,1011000120.0,45.611138290932814
COMUNA 11,1011000121.0,47.513948711152345
COMUNA 11,1011000122.0,49.70333333333333
COMUNA 11,1011000123.0,47.490038718761
