NOMBRE_REGION,CODIGO_CIRCUITO,P03
COMUNA 12,1012000124.0,48.76043378245153
COMUNA 12,1012000125.0,48.66362807657247
COMUNA 12,1012000126.0,47.316907391673745
COMUNA 12,1012000127.0,47.93840767634855
COMUNA 12,1012000129.0,46.56169901135115
COMUNA 12,1012000130.0,46.051583477869855
COMUNA 12,1012000131.0,47.61924535114642
COMUNA 12,1012000132.0,47.43545593479368
COMUNA 12,1012000133.0,45.86876077379812
